rm,Label,Code,pixels_removed,old_pixel_count,new_pixel_count,old_per_pixel,new_per_pixel,target_per_pixel,reduction_pct,masc_biomass_total
CARTWRIGHT-ROBLIN,Pasture/forages,122,7342,37258,29916,0.030662447165262348,0.03902337044695763,0.03818810666401946,19.706814912213833,1142.4481932051317
CLANWILLIAM-ERICKSON,Pasture/forages,122,994,21558,20563,0.03642640425934919,0.21397551718459437,0.03818810666401946,4.613222698286135,785.2901480674614
COLDWELL,Pasture/forages,122,10465,35221,24755,0.026840773142051258,0.036342315309478374,0.03818810666401946,29.714312945133702,945.372648145461
DAUPHIN,Pasture/forages,122,14296,51794,37497,0.02764696530980974,0.03208069541367219,0.03818810666401946,27.60320496365822,1431.9539204846722
DELORAINE-WINCHESTER,Pasture/forages,122,2283,31777,29493,0.03544355578762089,0.03590294958764716,0.03818810666401946,7.186925763419589,1126.311431514079
ELTON,Pasture/forages,122,3331,12873,9541,0.028304692312908553,0.1516305067183019,0.03818810666401946,25.88087028787679,364.36810764407943
GIMLI,Pasture/forages,122,2434,12439,10005,0.030713878514408273,0.03451179383499174,0.03818810666401946,19.572135941092217,382.08006954719355
GLENELLA-LANSDOWNE,Pasture/forages,122,5925,56723,50798,0.03419918053628775,0.09040846616472424,0.03818810666401946,10.445467126261162,1939.894458496488
HAMIOTA,Pasture/forages,122,742,11046,10303,0.035622306825101265,0.0363430472799649,0.03818810666401946,6.718845376368635,393.48617290018
MCCREARY,Pasture/forages,122,13869,46948,33079,0.02690639489124571,1.1139567712859992,0.03818810666401946,29.542474760612546,1263.226978638323
MINTO-ODANAH,Pasture/forages,122,6199,26353,19679,0.028517746945006053,0.0,0.03818810666401946,25.32296194753416,751.5387816697814
OAKVIEW,Pasture/forages,122,9045,41534,32489,0.029871140744062916,0.1492119613139767,0.03818810666401946,21.778942834557242,1240.6974583257163
PRAIRIE LAKES,Pasture/forages,122,6731,49622,42891,0.033007983961487804,0.060987994166648206,0.03818810666401946,13.56475393793829,1637.9545593336709
ROCKWOOD,Pasture/forages,122,6498,48068,41569,0.03302511915760825,0.03211596848081851,0.03818810666401946,13.519883433434874,1587.4602060383784
YELLOWHEAD,Pasture/forages,122,2316,25786,23469,0.034757052764674404,0.043996881123067,0.03818810666401946,8.984613794895905,896.2604653579979
ALONSA,Barley,133,608,5169,4560,0.08855502597576964,0.10035986279400076,0.10038025624348819,11.780434430287341,457.7413342034375
BIFROST-RIVERTON,Barley,133,1277,10118,8841,0.08771060159157615,0.11088167010075765,0.10038025624348819,12.621660001723631,887.4968874864643
BROKENHEAD,Barley,133,938,7184,6245,0.08726685423665188,0.10037233996756272,0.10038025624348819,13.063726371675797,626.9256354373967
DELORAINE-WINCHESTER,Barley,133,2151,13130,10978,0.08393128387355403,0.10037514638361784,0.10038025624348819,16.386661068123367,1102.0187321457404
DESALABERRY,Barley,133,2593,12938,10344,0.08025461261396905,0.1003707198210382,0.10038025624348819,20.049404517060818,1038.3350965486402
GRANDVIEW,Barley,133,1099,12539,11439,0.09157866841541623,1.4722005604808295,0.10038025624348819,8.768246025117046,1148.316437175047
GREY,Barley,133,2063,15066,13002,0.08663341117520676,0.10037838401991916,0.10038025624348819,13.69476985089208,1305.220127411009
HEADINGLEY,Barley,133,224,2723,2498,0.09209329134573738,0.10034824096637003,0.10038025624348819,8.25557256762672,250.77025417495872
MACDONALD,Barley,133,1801,9296,7494,0.08092836671722554,0.10037501834888277,0.10038025624348819,19.37820270061775,752.3107625248763
MORRIS,Barley,133,16,10907,10890,0.1002319923289338,0.10037933224166566,0.10038025624348819,0.14770226746058135,1093.2313074439808
NORFOLK-TREHERNE,Barley,133,1481,7727,6245,0.08113434461448263,0.10037233996756274,0.10038025624348819,19.17300508012408,626.9256354373969
NORTH NORFOLK,Barley,133,1547,27157,25609,0.09465946262273535,0.10205215752813536,0.10038025624348819,5.6991223521846255,2570.6938481337297
OAKVIEW,Barley,133,188,40227,40038,0.09991051073047436,0.10037972153651514,0.10038025624348819,0.4679660429182437,4019.1036706005298
PINEY,Barley,133,394,1644,1249,0.0762682580092588,0.1003081016699835,0.10038025624348819,24.020658181766287,125.38512708747936
PORTAGE LA PRAIRIE,Barley,133,12730,48363,35632,0.07395814165813344,0.10038000643269294,0.10038025624348819,26.322023447782122,3576.8407692161477
ROLAND,Barley,133,97,3845,3747,0.09782966150888542,0.10036162787151498,0.10038025624348819,2.5409326794463416,376.15538126243814
ROSSBURN,Barley,133,1807,20961,19153,0.09172325607307102,0.10037657258855234,0.10038025624348819,8.624206088315049,1922.6128713611315
ROSSER,Barley,133,3071,19660,16588,0.08469566779155879,0.10037484488555339,0.10038025624348819,15.625172756965231,1665.118301806445
ST. CLEMENTS,Barley,133,253,2752,2498,0.09112283151687604,0.10034824096637003,0.10038025624348819,9.222356141587053,250.77025417495872
THOMPSON,Barley,133,1588,21427,19838,0.09293975620533854,0.10037914803650748,0.10038025624348819,7.412314250425448,1991.421917896272
WALLACE-WOODWORTH,Barley,133,15701,88184,72482,0.08250712995053934,0.10037960879116374,0.10038025624348819,17.805420071447873,7275.815184009922
WEST INTERLAKE,Barley,133,939,3438,2498,0.07294067258128065,0.10034824096637003,0.10038025624348819,27.335638191287835,250.77025417495872
WESTLAKE-GLADSTONE,Barley,133,3126,49034,45907,0.09398069215063233,0.10038018069929276,0.10038025624348819,6.375321534677793,4608.253335543132
WHITEHEAD,Barley,133,436,14808,14372,0.09742424711693927,0.2255982597124796,0.10038025624348819,2.9448112977303644,1442.700870861307
WOODLANDS,Barley,133,6318,31811,25492,0.08044065827468273,0.1076435681001773,0.10038025624348819,19.864063626654634,2558.902900877415
ALONSA,Oats,136,325,7534,7208,0.07266389694754687,0.17253526315479395,0.07594253433664462,4.3172609628273975,547.4543899901612
BIFROST-RIVERTON,Oats,136,595,34169,33573,0.0746196937896328,0.07594217467803027,0.07594253433664462,1.7418967625544544,2549.6825726401885
BROKENHEAD,Oats,136,3635,17909,14273,0.06052669174290753,0.07594041483439957,0.07594253433664462,20.299352304204668,1083.9734813462196
CARTIER,Oats,136,1595,18562,16966,0.0694132146501099,0.0759385412945445,0.07594253433664462,8.597711076629318,1288.4492301445364
DAUPHIN,Oats,136,1523,10185,8661,0.0645825035977984,0.07593781817523752,0.07594253433664462,14.958719560883358,657.7733810339074
ELLICE-ARCHIE,Oats,136,844,9802,8958,0.06940231484143473,0.15522037258671895,0.07594253433664462,8.612063782619943,680.3308930475891
EMERSON-FRANKLIN,Oats,136,103,69069,68965,0.07582894811147114,0.07594226503402574,0.07594253433664462,0.14956865235752395,5237.434250336619
HANOVER,Oats,136,2773,10198,7424,0.05528586550390076,0.07593343503998931,0.07594253433664462,27.200394368161586,563.8057551719206
LAKESHORE,Oats,136,183,7739,7556,0.07414330771503953,0.32659809366370485,0.07594253433664462,2.369194862037814,573.8328505671294
MCCREARY,Oats,136,76,10037,9960,0.07536274798125131,0.5032821030996388,0.07594253433664462,0.7634540517481156,756.4330009587572
NORTH NORFOLK,Oats,136,443,34994,34550,0.07497909633001831,0.07931331353286138,0.07594253433664462,1.2686408414492776,2623.84303829412
PINEY,Oats,136,1921,11189,9267,0.0629015919444792,0.10282071780094806,0.07594253433664462,17.172119031946455,703.8078133474895
PIPESTONE,Oats,136,3921,33386,29464,0.0670232331274612,0.07594229223455227,0.07594253433664462,11.744803208232657,2237.6396406910826
PORTAGE LA PRAIRIE,Oats,136,2354,46289,43934,0.07207944845353512,0.07594147128815697,0.07594253433664462,5.086854049385412,3336.4885410451766
RITCHOT,Oats,136,1254,15763,14508,0.06989942524858621,0.07594083774957626,0.07594253433664462,7.957476190180845,1101.825614908602
ROSSER,Oats,136,879,27104,26224,0.07347955974052131,0.0759424880473522,0.07594253433664462,3.243208325396718,1991.5917490418112
SIFTON,Oats,136,806,14168,13361,0.07161719401252671,0.09380895129741927,0.07594253433664462,5.695543823892106,1014.7314261841842
SOURIS-GLENWOOD,Oats,136,3219,21370,18150,0.06449988650751984,0.07593872480946498,0.07594253433664462,15.067508516901517,1378.3637940165988
SPRINGFIELD,Oats,136,7414,46038,38623,0.06371134799708227,0.0759410116470928,0.07594253433664462,16.105844302407522,2933.145633857312
ST. ANDREWS,Oats,136,3310,16949,13638,0.06110735130614721,0.07593734243817162,0.07594253433664462,19.53474842534848,1035.7094135142227
STANLEY,Oats,136,272,33982,33709,0.07533439071779362,0.07594231771151583,0.07594253433664462,0.8007944746157198,2560.0155300551987
STE. ANNE,Oats,136,632,8057,7424,0.06997707042432418,0.07593343503998931,0.07594253433664462,7.855234177300721,563.8057551719206
TACHE,Oats,136,1762,21979,20216,0.06985323382009981,0.07594131593803763,0.07594253433664462,8.018300376376231,1535.3055843193067
TWO BORDERS,Oats,136,24779,146979,122199,0.06313919932636547,0.07594226339888989,0.07594253433664462,16.859241164540844,9280.144587344344
VICTORIA,Oats,136,397,14497,14099,0.07385852347985623,0.07593815333989327,0.07594253433664462,2.744194508376828,1070.727962092495
WALLACE-WOODWORTH,Oats,136,883,26151,25267,0.07337565872543174,0.2176357436865788,0.07594253433664462,3.380023637128328,1918.894352084565
WEST INTERLAKE,Oats,136,674,4387,3712,0.06425863419293136,0.07592320969188265,0.07594253433664462,15.38518597749168,281.9028775859603
WEST ST. PAUL,Oats,136,1273,6223,4949,0.0604001560242948,0.07593343503998931,0.07594253433664462,20.46597265697273,375.8705034479471
WOODLANDS,Oats,136,1831,31869,30038,0.07157924916758865,0.07711259585649423,0.07594253433664462,5.745509031492191,2281.221923222669
ALONSA,Rye,137,594,2796,2201,0.08241204275632662,0.10464317683397362,0.10466794620750455,21.26334208092279,230.4242753884099
EMERSON-FRANKLIN,Rye,137,394,2401,2006,0.08749065751554097,0.10466629522979667,0.10466794620750455,16.41122169141406,210.06525452620193
GLENBORO-SOUTH CYPRESS,Rye,137,195,17529,17333,0.1035018105162166,0.10466625369339583,0.10466794620750455,1.1141287600848482,1814.2848415213232
GLENELLA-LANSDOWNE,Rye,137,361,6756,6394,0.09907054854516079,0.10466320845614935,0.10466794620750455,5.347766785494108,669.3212180770751
HANOVER,Rye,137,71,3179,3107,0.10232057391260097,0.1046581056050215,0.10466794620750455,2.2426849670384446,325.27739222040685
NORTH CYPRESS-LANGFORD,Rye,137,7160,51755,44594,0.09018653573257715,0.10466662823132887,0.10466794620750455,13.835573353295722,4667.608285976111
OAKVIEW,Rye,137,160,2167,2006,0.09693819505990486,0.10466629522979667,0.10466794620750455,7.385022280150058,210.06525452620193
PIPESTONE,Rye,137,533,4853,4319,0.09316163122360627,0.10465597136215743,0.10466794620750455,10.993160180182548,452.1137962845201
RITCHOT,Rye,137,354,1455,1100,0.07918352974113031,0.10464317683397362,0.10466794620750455,24.34787094785571,115.21213769420496
ROLAND,Rye,137,734,5569,4834,0.09086407904768917,0.10465822210187166,0.10466794620750455,13.18824688930951,506.02250386254946
SOURIS-GLENWOOD,Rye,137,1064,10388,9323,0.09393832435545588,0.10465810560502153,0.10466794620750455,10.251105749965859,975.8321766612208
STANLEY,Rye,137,2144,7259,5114,0.073748749574731,0.10466131901204473,0.10466794620750455,29.54027259833316,535.3426467466088
BRENDA-WASKADA,Winter wheat,145,25,1327,1301,0.11204782720705898,0.11419938420755864,0.1142540038805647,1.9309403597023445,148.68759823824135
DAUPHIN,Winter wheat,145,0,3904,3904,0.11425400388056468,0.11917253398736952,0.1142540038805647,1.164784559673646e-14,446.0627947147241
GRASSLAND,Winter wheat,145,0,3904,3904,0.11425400388056468,0.441209490321191,0.1142540038805647,1.164784559673646e-14,446.0627947147241
PEMBINA,Winter wheat,145,12,1314,1301,0.11315636735446519,0.11419938420755864,0.1142540038805647,0.9606985215563411,148.68759823824135
ROCKWOOD,Winter wheat,145,0,3904,3904,0.11425400388056468,0.32440930524707207,0.1142540038805647,1.164784559673646e-14,446.0627947147241
SPRINGFIELD,Winter wheat,145,0,3904,3904,0.11425400388056468,0.41340388759473967,0.1142540038805647,1.164784559673646e-14,446.0627947147241
ST. CLEMENTS,Winter wheat,145,132,2735,2602,0.10872940892414427,0.11424325642584814,0.1142540038805647,4.835362235703837,297.3751964764827
WESTLAKE-GLADSTONE,Winter wheat,145,2407,10760,8352,0.08869352251920717,0.11425154394270737,0.1142540038805647,22.371628558485472,954.3431465534346
WHITEMOUTH,Winter wheat,145,605,4510,3904,0.09890518849474543,0.11422862860812397,0.1142540038805647,13.433940925049884,446.0627947147241
BIFROST-RIVERTON,Spring wheat,146,9995,131930,121934,0.07574672375634167,0.08195574778028476,0.08195611205843584,7.576479833092595,9993.274105589022
CLANWILLIAM-ERICKSON,Spring wheat,146,5477,44496,39018,0.07186730372125545,0.08195521093007785,0.08195611205843584,12.310013352008356,3197.810375280708
CORNWALLIS,Spring wheat,146,8443,112591,104147,0.07581017205339684,0.08195597258251237,0.08195611205843584,7.499062425822332,8535.550632523498
DAUPHIN,Spring wheat,146,63389,307259,243869,0.06504801126657038,0.0819559789011963,0.08195611205843584,20.63067703822961,19986.60457463474
EAST ST PAUL,Spring wheat,146,213,2937,2723,0.07599279248695345,0.08193503266413704,0.08195611205843584,7.276235318764823,223.19102897710928
FISHER,Spring wheat,146,9875,79397,69521,0.07176204696992992,0.08195529880701838,0.08195611205843584,12.438443982356558,5697.696283661532
GILBERT PLAINS,Spring wheat,146,25714,299181,273466,0.07491195838010714,0.08051451877319792,0.08195611205843584,8.595031537496704,22412.26298926369
GLENBORO-SOUTH CYPRESS,Spring wheat,146,9875,71950,62075,0.0707070201288656,0.07932639337968701,0.08195611205843584,13.725751072170786,5087.439586619467
GLENELLA-LANSDOWNE,Spring wheat,146,33341,249515,216173,0.07100478358206676,0.08195608282394858,0.08195611205843584,13.362430453705068,17716.77424838426
GRAHAMDALE,Spring wheat,146,4986,22177,17190,0.06352775887224626,0.08195313564280944,0.08195611205843584,22.48563618177726,1408.856354835537
GRANDVIEW,Spring wheat,146,16776,292444,275667,0.07725456808383885,0.07966040307432191,0.08195611205843584,5.736660581513085,22592.646236714587
HANOVER,Spring wheat,146,13362,108568,95205,0.07186905737285658,0.08195582971028757,0.08195611205843584,12.307873607263172,7802.686723397638
HARRISON PARK,Spring wheat,146,8972,197599,188626,0.07823449060844014,0.08195576871495165,0.08195611205843584,4.540993168809843,15459.070785395184
HILLSBURG-ROBLIN-SHELL RIVER,Spring wheat,146,30846,325471,294624,0.07418877026272341,0.08195609539886195,0.08195611205843584,9.477440547904706,24146.3146068897
MCCREARY,Spring wheat,146,17833,89394,71560,0.06560672464730254,0.08195599183051745,0.08195611205843584,19.94895438606943,5864.852731383659
MOUNTAIN,Spring wheat,146,13027,189201,176173,0.07631290662316527,0.08195585624907997,0.08195611205843584,6.885643173564504,14438.491018825416
NORTH CYPRESS-LANGFORD,Spring wheat,146,2490,344463,341973,0.08136366106213033,0.08195664420073775,0.08195611205843584,0.7228881183176217,28026.79557397049
NORTH NORFOLK,Spring wheat,146,2398,165129,162730,0.08076549156912449,0.08195572236071662,0.08195611205843584,1.4527537475941115,13336.736655481776
REYNOLDS,Spring wheat,146,5791,20156,14364,0.058406234987414235,0.08195176566886335,0.08195611205843584,28.734741655668355,1177.237113833222
ROSSBURN,Spring wheat,146,48126,221607,173480,0.06415774403834071,0.08195605144485493,0.08195611205843584,21.716950173776716,14217.817760704878
ST. CLEMENTS,Spring wheat,146,8838,102674,93835,0.07490138587593338,0.08115524346577294,0.08195611205843584,8.607931739700318,7690.433181303575
STE. ROSE,Spring wheat,146,28653,135189,106535,0.06458548673987577,0.08195591246962405,0.08195611205843584,21.19503339320754,8731.255090863868
STUARTBURN,Spring wheat,146,2516,16669,14152,0.069583883678666,0.08195398736133157,0.08195611205843584,15.096163140277167,1159.8947831249257
WALLACE-WOODWORTH,Spring wheat,146,144034,632819,488785,0.06330230015893513,0.08195614374801077,0.08195611205843584,22.760733069182535,40058.93372187144
WHITEHEAD,Spring wheat,146,4645,167428,162782,0.07968218949437372,0.08195598695586136,0.08195611205843584,2.774561295002349,13341.04142463598
WINNIPEG,Spring wheat,146,3926,20369,16442,0.06615828972965204,0.08195459439403881,0.08195611205843584,19.275953839195946,1347.57939562118
ALEXANDER,Corn,147,976,3910,2933,0.1377888476757246,0.18362470041387113,0.1836466504017533,24.97067200828775,538.7548710142979
ALONSA,Corn,147,3580,33502,29921,0.164020783367798,0.18364511548329757,0.1836466504017533,10.686754694964984,5495.029145491229
CARTIER,Corn,147,12294,44661,32366,0.1330922493494097,0.18364501518543713,0.1836466504017533,27.528082293768296,5944.0382065070435
COLDWELL,Corn,147,6,5016,5009,0.18341425925243787,0.18363407949735613,0.1836466504017533,0.1265425472269935,920.0067382817542
CORNWALLIS,Corn,147,4384,18828,14443,0.1408825915107048,0.1836430199042518,0.1836466504017533,23.286054386233562,2652.539779497013
DUFFERIN,Corn,147,13422,193319,179896,0.1708958001977144,0.18364638890332663,0.1836466504017533,6.94314335499429,33037.43442454175
ELLICE-ARCHIE,Corn,147,2302,27807,25504,0.1684420324135683,0.18364523579093975,0.1836466504017533,8.279278688134367,4683.871738847918
EMERSON-FRANKLIN,Corn,147,20480,83703,63222,0.13871127227112157,0.18364455805695024,0.1836466504017533,24.46838972141836,11610.559894034564
GREY,Corn,147,28604,115492,86887,0.13816125259705705,0.1836448473974657,0.1836466504017533,24.767888608471985,15956.533500671
HILLSBURG-ROBLIN-SHELL RIVER,Corn,147,2,16611,16608,0.18361400517639873,0.1836362778096002,0.1836466504017533,0.01777610715095772,3050.01493813965
KILLARNEY-TURTLE MTN,Corn,147,4942,55443,50500,0.1672746327352261,0.18364419847228128,0.1836466504017533,8.914955775512954,9274.215667048677
MACDONALD,Corn,147,1359,57675,56315,0.17931712081929047,0.18364450764033077,0.1836466504017533,2.3575325621193546,10342.124092272868
MORRIS,Corn,147,10027,65902,55874,0.15570359832227107,0.18364541591150307,0.1836466504017533,15.21566117233982,10261.187614055234
NORFOLK-TREHERNE,Corn,147,56,82825,82768,0.18352123309440896,0.18364556268240695,0.1836466504017533,0.06829272794792383,15200.15957766014
NORTH NORFOLK,Corn,147,43848,203766,159918,0.14412797530908877,0.18364666264708213,0.1836466504017533,21.518865171900366,29368.40699719608
OAKLAND-WAWANESA,Corn,147,10164,36144,25979,0.13199979529246905,0.18369094142593959,0.1836466504017533,28.122949695134313,4771.004821655929
PORTAGE LA PRAIRIE,Corn,147,19855,119597,99741,0.15315735753374088,0.18364557250712424,0.1836466504017533,16.602150271356834,18317.176693005586
RHINELAND,Corn,147,5183,200124,194940,0.17888979674073235,0.18364619732679016,0.1836466504017533,2.5902207585135075,35800.1733530818
RIDING MOUNTAIN WEST,Corn,147,168,2245,2076,0.169822507794274,0.18355891539116814,0.1836466504017533,7.527576777053668,381.25186726745625
ROCKWOOD,Corn,147,332,45783,45450,0.18231210497914602,0.18364397892557352,0.1836466504017533,0.7266919487438411,8346.802486146242
ROLAND,Corn,147,7108,78038,70929,0.16691867619830672,0.18364600558928781,0.1836466504017533,9.108782636030506,13026.011176448184
SOURIS-GLENWOOD,Corn,147,7946,33492,25545,0.1400718585123257,0.18364091581389808,0.1836466504017533,23.72751792319735,4691.29083538184
ST. ANDREWS,Corn,147,4587,23751,19163,0.1481733425552656,0.18363954144766928,0.1836466504017533,19.31606580837972,3519.268172303134
STANLEY,Corn,147,6877,145163,138285,0.17494590314255765,0.18364617245303985,0.1836466504017533,4.737765290116379,25395.694603841068
STUARTBURN,Corn,147,4315,29861,25545,0.15710413868573767,0.18364091581389808,0.1836466504017533,14.453033397532755,4691.29083538184
THOMPSON,Corn,147,9173,76681,67507,0.1616773423853411,0.18364625316720798,0.1836466504017533,11.962814441946653,12397.591258811875
WOODLANDS,Corn,147,3941,68925,64983,0.17314547441771827,0.1810660872934849,0.1836466504017533,5.718141856147225,11934.06581351359
ALEXANDER,Canola/rapeseed,153,3804,40735,36930,0.040749285708004665,0.0449466199600489,0.04494671458495952,9.338677844897335,1659.923621744566
BIFROST-RIVERTON,Canola/rapeseed,153,32447,188223,155775,0.03719844632299652,0.04494665003679933,0.04494671458495952,17.238786713358127,7001.609356132453
CORNWALLIS,Canola/rapeseed,153,20637,105650,85013,0.03616707618786832,0.038138519251913874,0.04494671458495952,19.533437489620482,3821.0601053299993
DAUPHIN,Canola/rapeseed,153,79965,361745,281779,0.03501100976957128,0.04188988635344745,0.04494671458495952,22.105519629488153,12665.07201987401
DELORAINE-WINCHESTER,Canola/rapeseed,153,1905,197983,196078,0.044514212322849245,0.044946730865643145,0.04494671458495952,0.9622555644033642,8813.065094673577
FISHER,Canola/rapeseed,153,6399,88569,82169,0.04169897532203065,0.04494632849545592,0.04494671458495952,7.225754524927296,3693.239812471613
GILBERT PLAINS,Canola/rapeseed,153,32454,326316,293861,0.04047642374756211,0.044946663318125864,0.04494671458495952,9.945756611303679,13208.116375991103
GLENELLA-LANSDOWNE,Canola/rapeseed,153,9608,310139,300531,0.04355425419412577,0.03846874548911583,0.04494671458495952,3.09802485830566,13507.915291048132
HANOVER,Canola/rapeseed,153,23892,119194,95301,0.0359370295499301,0.04357788527390141,0.04494671458495952,20.04525829802102,4283.488232998139
HARRISON PARK,Canola/rapeseed,153,34050,232462,198411,0.03836304167217737,0.03760832906214106,0.04494671458495952,14.64772892429659,8917.950245518323
HEADINGLEY,Canola/rapeseed,153,1505,20870,19364,0.041704013086096094,0.04437508795367266,0.04494671458495952,7.214546221690971,870.3729751233356
HILLSBURG-ROBLIN-SHELL RIVER,Canola/rapeseed,153,26689,460758,434069,0.042343188849583824,0.04494672567540387,0.04494671458495952,5.792471728838902,19509.980267196883
LAC DU BONNET,Canola/rapeseed,153,1352,60498,59145,0.04394173018668078,0.04439643965170012,0.04494671458495952,2.235946292312608,2658.4144099041514
MCCREARY,Canola/rapeseed,153,10824,88557,77733,0.03945285398071572,0.02822223905641402,0.04494671458495952,12.223052685773405,3493.856750705943
PIPESTONE,Canola/rapeseed,153,57195,381121,323926,0.03820151308722736,0.04494672162501309,0.04494671458495952,15.007106882044063,14559.41174910399
PRAIRIE VIEW,Canola/rapeseed,153,10199,573709,563509,0.04414763946790675,0.04494670990309993,0.04494671458495952,1.777827644203752,25327.92049749584
ROSEDALE,Canola/rapeseed,153,25001,200024,175023,0.03932873065887178,0.03679014022707186,0.04494671458495952,12.499209292524517,7866.725314334094
ROSSBURN,Canola/rapeseed,153,21840,205303,183462,0.04016510633600701,0.044099229653513976,0.04494671458495952,10.638393246550153,8246.026754451272
RUSSELL-BINSCARTH,Canola/rapeseed,153,14629,181600,166971,0.04132596734868,0.04494674110799008,0.04494671458495952,8.055643821164022,7504.802309542211
SPRINGFIELD,Canola/rapeseed,153,3706,103404,99697,0.04333558513656718,0.04494650654562402,0.04494671458495952,3.5845321805377752,4481.076809585624
ST. CLEMENTS,Canola/rapeseed,153,14564,72706,58141,0.03594315291187264,0.044946599487771854,0.04494671458495952,20.03163469505228,2613.285187418031
STE. ROSE,Canola/rapeseed,153,24767,122440,97672,0.03585475652537737,0.04494650796611845,0.04494671458495952,20.228303989597013,4390.060272574688
TWO BORDERS,Canola/rapeseed,153,15250,621980,606730,0.0438446883211043,0.044946752866148104,0.04494671458495952,2.451850539091434,27270.54336647804
WALLACE-WOODWORTH,Canola/rapeseed,153,113748,536926,423177,0.035424665208759504,0.04494666692988319,0.04494671458495952,21.185195545719306,19020.44061805411
WEST ST. PAUL,Canola/rapeseed,153,4050,14309,10258,0.03222332180947649,0.044074422445748565,0.04494671458495952,28.30772592161973,461.10660762742145
WINNIPEG,Canola/rapeseed,153,4103,27289,23185,0.03818826198337246,0.044086713129196625,0.04494671458495952,15.036588689507093,1042.1217249479498
ARGYLE,Flaxseed,154,0,2777,2777,0.041066545838962326,0.24169602391474296,0.04106654583896233,1.6369930985694872e-14,114.08052328775868
BROKENHEAD,Flaxseed,154,0,2571,2433,0.03885515502839681,0.0,0.04106654583896233,5.384896064152156,99.93042836794992
DAUPHIN,Flaxseed,154,824,3246,2421,0.030632821687989645,0.046190838024698415,0.04106654583896233,25.40687057510832,99.44887426717568
HARRISON PARK,Flaxseed,154,138,1645,1507,0.03761102179663039,0.3110733028745244,0.04106654583896233,8.414450185029873,61.90358727203036
MACDONALD,Flaxseed,154,0,2777,2777,0.041066545838962326,0.12495128509064478,0.04106654583896233,1.6369930985694872e-14,114.08052328775868
OAKLAND-WAWANESA,Flaxseed,154,138,3497,3359,0.03944057320580536,0.33648114503382803,0.04106654583896233,3.9593605937373844,137.9572694638695
PIPESTONE,Flaxseed,154,138,1064,925,0.03573948069171859,0.041065703127342944,0.04106654583896233,12.971787712882431,38.026841095919565
ROLAND,Flaxseed,154,75,1001,925,0.037988818637351235,0.041065703127342944,0.04106654583896233,7.494487638868019,38.026841095919565
STANLEY,Flaxseed,154,324,2176,1851,0.03495110979410714,0.04106570312734294,0.04106654583896233,14.891527689804148,76.05368219183912
TWO BORDERS,Flaxseed,154,712,4842,4129,0.03502048441857936,0.04105313499206923,0.04106654583896233,14.722595477330621,169.59050065223798
WALLACE-WOODWORTH,Flaxseed,154,276,5143,4866,0.03885515502839681,0.05907799489680752,0.04106654583896233,5.384896064152156,199.86085673589983
WHITEHEAD,Flaxseed,154,138,3497,3359,0.03944057320580536,0.579652392705334,0.04106654583896233,3.9593605937373844,137.9572694638695
YELLOWHEAD,Flaxseed,154,121,2571,2433,0.03885515502839681,0.0,0.04106654583896233,5.384896064152156,99.93042836794992
EMERSON-FRANKLIN,Sunflower,157,1743,7059,5315,0.021255093486137723,0.02822419820341621,0.028228024590453878,24.702157538413978,150.03983764936058
RIVERDALE,Sunflower,157,79,1408,1328,0.026640572606293714,0.02822419820341621,0.028228024590453878,5.623673661872208,37.509959412340145
ROCKWOOD,Sunflower,157,1059,6684,5624,0.02375283141173326,0.02822472277413508,0.028228024590453878,15.853724246201883,158.76406560450982
SOURIS-GLENWOOD,Sunflower,157,217,1546,1328,0.024262565478435673,0.02822419820341621,0.028228024590453878,14.04795117458995,37.509959412340145
ST. ANDREWS,Sunflower,157,1515,7338,5822,0.0223966096862554,0.028223676329147004,0.028228024590453878,20.658246507871254,164.34646726462302
TACHE,Sunflower,157,363,3885,3521,0.025589049868602352,0.02822644709948055,0.028228024590453878,9.348775765003296,99.4135466843705
WESTLAKE-GLADSTONE,Sunflower,157,827,5678,4850,0.02411472084698515,0.028225830982624333,0.028228024590453878,14.571702423908755,136.92350609671064
ALEXANDER,Soybeans,158,3196,50521,47325,0.03370853038036623,0.032681240621404276,0.03598532931468428,6.327019865256515,1703.0194487813767
ALONSA,Soybeans,158,11658,42148,30489,0.02603154471853708,0.03598486446051316,0.03598532931468428,27.660673907145352,1097.1785174010463
BIFROST-RIVERTON,Soybeans,158,12217,139823,127605,0.03284103746424411,0.03598527062644008,0.03598532931468428,8.737704810046305,4591.936443557513
CORNWALLIS,Soybeans,158,256,39747,39490,0.035753170225046885,0.03598497161571945,0.03598532931468428,0.6451492707131129,1421.0825140763768
ETHELBERT,Soybeans,158,1178,16155,14976,0.03336006191635287,0.03598399392520766,0.03598532931468428,7.295382447035527,538.9322770178351
GLENBORO-SOUTH CYPRESS,Soybeans,158,3991,30848,26856,0.03132861245706562,0.0359841341926188,0.03598532931468428,12.940598144584515,966.425892011163
GLENELLA-LANSDOWNE,Soybeans,158,1629,92994,91364,0.03535462468853727,0.03598501479524875,0.03598532931468428,1.752671541870936,3287.770876767902
GRANDVIEW,Soybeans,158,1951,9440,7488,0.028545116539125042,0.0359815914686764,0.03598532931468428,20.675683444484033,269.46613850891754
HANOVER,Soybeans,158,10723,74750,64026,0.030823057823110594,0.035985218899880225,0.03598532931468428,14.345489092042731,2304.025610502631
LAKESHORE,Soybeans,158,9940,75769,65828,0.03126412955312626,0.03598495993688849,0.03598532931468428,13.119790346427296,2368.853927685432
MCCREARY,Soybeans,158,718,15246,14527,0.03428957407467213,0.0359842585911413,0.03598532931468428,4.71235159523793,522.7793088121008
MOSSEY RIVER,Soybeans,158,10610,75008,64397,0.030894758950993466,0.0359849083731466,0.03598532931468428,14.146238093793254,2317.356129413895
NORFOLK-TREHERNE,Soybeans,158,704,87629,86924,0.03569619473614202,0.03598532776184165,0.03598532931468428,0.8034790400661266,3128.0246156980857
NORTH CYPRESS-LANGFORD,Soybeans,158,6255,54539,48283,0.031857755583818495,0.03598483283974809,0.03598532931468428,11.470156893024397,1737.491668834397
PINEY,Soybeans,158,13306,50148,36841,0.026436726797249867,0.035984749694246664,0.03598532931468428,26.534709280923508,1325.7501482354355
PIPESTONE,Soybeans,158,13848,51725,37876,0.02635071368820537,0.03598468387873271,0.03598532931468428,26.773731990129047,1362.9918712747588
REYNOLDS,Soybeans,158,995,23930,22935,0.034488981767811046,0.027143613461227827,0.03598532931468428,4.158215515517409,825.3287109020933
ROSEDALE,Soybeans,158,5926,28169,22242,0.028413780921235074,0.035983837738755624,0.03598532931468428,21.04065333746866,800.3885028231414
RUSSELL-BINSCARTH,Soybeans,158,1501,5246,3744,0.02568298705007057,0.03597678751787951,0.03598532931468428,28.629284380092386,134.73306925445877
SIFTON,Soybeans,158,3543,16648,13104,0.028325644235124074,0.03598365069748995,0.03598532931468428,21.285577276722524,471.56574239060575
ST. CLEMENTS,Soybeans,158,238,77964,77725,0.035875165451825786,0.03598504842126544,0.03598532931468428,0.3061354862008921,2796.9738735912774
STE. ANNE,Soybeans,158,6429,40949,34519,0.030335341455330348,0.03598502306351136,0.03598532931468428,15.700809099024655,1242.2029961524122
TACHE,Soybeans,158,1716,105229,103513,0.03539849611643886,0.03566629654351787,0.03598532931468428,1.6307567817809405,3724.952344708463
TWO BORDERS,Soybeans,158,6615,54709,48093,0.03163371629704812,0.03598474894772305,0.03598532931468428,12.092741960431159,1730.6505158917923
VICTORIA,Soybeans,158,5991,45558,39566,0.031252588806025425,0.03498839823479135,0.03598532931468428,13.151861046683827,1423.8178777665992
WHITEHEAD,Soybeans,158,11058,63334,52275,0.029702107859777477,0.03598505936432509,0.03598532931468428,17.460508419865576,1881.1549633294585
WHITEMOUTH,Soybeans,158,11562,69698,58135,0.030015376069443565,0.0354206448630731,0.03598532931468428,16.589964185223113,2092.0141269028236
WINNIPEG,Soybeans,158,2384,20906,18521,0.03188155907508683,0.035985123833740744,0.03598532931468428,11.404009127471987,666.516463648546
YELLOWHEAD,Soybeans,158,1060,16037,14976,0.03360552474020581,0.03598399392520766,0.03598532931468428,6.613263293125837,538.9322770178351
BIFROST-RIVERTON,Peas,162,491,6142,5651,0.052344678848944996,0.0651025026673106,0.05689361912653594,7.9955192646010715,321.5412606738471
BRENDA-WASKADA,Peas,162,2006,25731,23724,0.052458062354133125,0.05689355517454871,0.05689361912653594,7.796228892624639,1349.799596516168
CORNWALLIS,Peas,162,896,3527,2630,0.04243067075430681,0.05688069484570106,0.05689361912653594,25.421037709101224,149.6531081390395
DAUPHIN,Peas,162,2078,10569,8490,0.04570429478468972,0.07531387049788688,0.05689361912653594,19.667098900775272,483.0631653734464
ELLICE-ARCHIE,Peas,162,1472,6733,5260,0.04445357960803211,0.05689150661054532,0.05689361912653594,21.86543888311305,299.3062162780789
FISHER,Peas,162,1860,8897,7036,0.044997050064208705,0.05689059380074549,0.05689361912653594,20.91019914881548,400.339108575846
GILBERT PLAINS,Peas,162,1643,10908,9264,0.04832185437635017,0.05689101498380135,0.05689361912653594,15.06630248134063,527.0952538249195
GRANDVIEW,Peas,162,3388,19780,16391,0.04714672125957012,0.06253567604420922,0.05689361912653594,17.131794420193145,932.594536847292
HILLSBURG-ROBLIN-SHELL RIVER,Peas,162,3412,25908,22495,0.049400640925834155,0.056893356033463995,0.05689361912653594,13.170155661985236,1279.872937328806
LAKESHORE,Peas,162,532,5737,5204,0.05161380926659098,0.05688927679365591,0.05689361912653594,9.280144137433469,296.108685710979
MINTO-ODANAH,Peas,162,8071,27137,19065,0.03997099301209951,0.05689152401809768,0.05689361912653594,29.744330514111194,1084.6937969290504
NORTH NORFOLK,Peas,162,463,4630,4160,0.051109165769835284,0.0,0.05689361912653594,10.16713903159435,236.68177776638584
OAKVIEW,Peas,162,831,15432,14600,0.05382875121527328,0.05689240624678175,0.05689361912653594,5.387015201908936,830.6860236092602
PIPESTONE,Peas,162,6730,33635,26904,0.04550888446765669,0.05689249891009944,0.05689361912653594,20.010565039918962,1530.6926831762255
PORTAGE LA PRAIRIE,Peas,162,3481,14493,11012,0.04322708544467433,0.09871171444364775,0.05689361912653594,24.021206405354786,626.5232515738322
PRAIRIE VIEW,Peas,162,489,29275,28785,0.05594292222880609,0.056893298723144796,0.05689361912653594,1.6710079483877194,1637.730497044446
RIDING MOUNTAIN WEST,Peas,162,634,32513,31878,0.055783025324646275,0.05689247174702448,0.05689361912653594,1.9520533566683769,1813.6751068233932
RITCHOT,Peas,162,633,4579,3945,0.04902368718621101,0.05688790223227552,0.05689361912653594,13.832714566499234,224.4796622085592
SPRINGFIELD,Peas,162,338,4284,3945,0.05239950131317932,0.05688790223227552,0.05689361912653594,7.899159663865555,224.4796622085592
STANLEY,Peas,162,31,2294,2263,0.056119121575250515,0.06359421990212762,0.05689361912653594,1.361308285842883,128.7782953018084
THOMPSON,Peas,162,88,6776,6688,0.05615228652619357,0.48046908709459774,0.05689361912653594,1.3030153674941762,380.5315169789214
TWO BORDERS,Peas,162,8807,58047,49239,0.04826096402285552,0.05689290529775037,0.05689361912653594,15.173327406858602,2801.406656861228
WALLACE-WOODWORTH,Peas,162,553,26190,25636,0.05569173652173457,0.05689307913588094,0.05689361912653594,2.1125086138891738,1458.5678698065797
WESTLAKE-GLADSTONE,Peas,162,1452,7662,6209,0.04610514813436313,0.05688533937365019,0.05689361912653594,18.96253245584254,353.25795751036765
BOISSEVAIN-MORTON,Beans,167,1759,14873,13113,0.034053170783095534,0.03862080655038135,0.03862293423460081,11.831735579042055,506.47325710170105
CARTWRIGHT-ROBLIN,Beans,167,426,1856,1429,0.029748712226831845,0.03861095016574601,0.03862293423460081,22.976560905149697,55.2136587370168
DELORAINE-WINCHESTER,Beans,167,696,4069,3372,0.03201107636480775,0.03891964006586521,0.03862293423460081,17.118994195603463,130.26403530045084
DUFFERIN,Beans,167,1721,41743,40021,0.037029912677419445,0.03862228305213166,0.03862293423460081,4.124548247694328,1545.7410123124132
KILLARNEY-TURTLE MTN,Beans,167,26,3209,3182,0.03830624194028671,0.03861917660388862,0.03862293423460081,0.8199591786332789,122.92483913017747
NORTH CYPRESS-LANGFORD,Beans,167,4396,19461,15064,0.029897218632747236,0.0386213266857081,0.03862293423460081,22.592057736609096,581.8302865201925
PEMBINA,Beans,167,2893,15313,12419,0.03132590534247052,0.03862270634976456,0.03862293423460081,18.892994633207234,479.69401286407583
STANLEY,Beans,167,410,60750,60339,0.03836196556802047,0.03862266274270836,0.03862293423460081,0.6756831705099939,2330.4914698950224
SWAN VALLEY WEST,Beans,167,279,8848,8569,0.03740338455790402,0.0395282917382568,0.03862293423460081,3.1575790417400302,330.9703867244242
THOMPSON,Beans,167,1570,20499,18928,0.03566421856057303,0.038622297163850246,0.03862293423460081,7.6605150091812,731.0814630145213
WOODLANDS,Beans,167,538,2292,1753,0.02954237368821125,0.03860386567455,0.03862293423460081,23.510799286333437,67.7111803931607
MORRIS,Millet,135,337,1393,1055,0.10118543725929288,0.13347674128123121,0.13347881070894668,24.19363289059428,140.95143879298016
DAUPHIN,Potatoes,177,0,1181,998,0.13638106824719864,0.0,0.16132404294894437,15.46141185516883,161.09249335626447
LORNE,Potatoes,177,0,828,802,0.1563438237909063,0.0,0.16132404294894437,3.0870904714520435,129.52167666857991
NORTH CYPRESS-LANGFORD,Potatoes,177,18496,138820,120323,0.13982878233499038,0.1613231669115493,0.16132404294894437,13.324275923804358,19411.048735465258
NORTH NORFOLK,Potatoes,177,2618,24214,21595,0.1438807221149578,0.16132297125874964,0.16132404294894437,10.812598367316516,3483.930887303957
PORTAGE LA PRAIRIE,Potatoes,177,174,17160,16985,0.1596792597366655,0.7106116907950587,0.16132404294894437,1.0195524375739864,2740.118679705746
RHINELAND,Potatoes,177,767,18839,18071,0.15474773137828404,0.2744899889547028,0.16132404294894437,4.076460923274537,2915.3581726878983
STANLEY,Potatoes,177,1792,21885,20093,0.14811322833583035,0.2257216058662003,0.16132404294894437,8.188993017795228,3241.5879818445023
STUARTBURN,Potatoes,177,0,3190,2799,0.14156403784350916,0.0,0.16132404294894437,12.248642387228568,451.70666338110885
SWAN VALLEY WEST,Potatoes,177,0,828,802,0.1563438237909063,0.0,0.16132404294894437,3.0870904714520435,129.52167666857991
THOMPSON,Potatoes,177,105,3756,3651,0.1568141921753175,0.22777361381457106,0.16132404294894437,2.795523030038467,589.0225653244808
DAUPHIN,Hemp,197,142,1358,1215,0.07441068670729208,0.0831001660697731,0.08311832416182613,10.476194680707025,101.04980194084408
GREY,Triticale,139,0,3743,3743,0.11924275871651896,0.3003916944510219,0.11924275871651897,1.2147739290249932e-14,446.3820579542185
LOUISE,Triticale,139,0,3743,3743,0.11924275871651896,0.6208373545955751,0.11924275871651897,1.2147739290249932e-14,446.3820579542185
CARTIER,Lentils,174,13,1140,1126,0.06563727006598251,0.06639445791439195,0.06641547572381536,1.171723381262786,74.82655406951973
GRASSLAND,Wheat,140,0,3743,3743,0.11924275871651896,0.0,0.11924275871651897,1.2147739290249932e-14,446.3820579542185
TWO BORDERS,Wheat,140,0,7486,7486,0.11924275871651896,0.0,0.11924275871651897,1.2147739290249932e-14,892.764115908437
