rm,Label,current_pixels,target_pixels,pixels_to_remove,reduction_pct,current_per_pixel,target_per_pixel,new_per_pixel,masc_biomass_total
CARTWRIGHT-ROBLIN,Pasture/forages,37258,29916,7342,19.706814912213833,0.030662447165262348,0.03818810666401946,0.03818810666401946,1142.4481932051317
CLANWILLIAM-ERICKSON,Pasture/forages,21558,20563,994,4.613222698286135,0.03642640425934919,0.03818810666401946,0.03818810666401946,785.2901480674614
COLDWELL,Pasture/forages,35221,24755,10465,29.714312945133702,0.026840773142051258,0.03818810666401946,0.03818810666401946,945.372648145461
DAUPHIN,Pasture/forages,51794,37497,14296,27.60320496365822,0.02764696530980974,0.03818810666401946,0.03818810666401946,1431.9539204846722
DELORAINE-WINCHESTER,Pasture/forages,31777,29493,2283,7.186925763419589,0.03544355578762089,0.03818810666401946,0.03818810666401946,1126.311431514079
ELTON,Pasture/forages,12873,9541,3331,25.88087028787679,0.028304692312908553,0.03818810666401946,0.03818810666401946,364.36810764407943
GIMLI,Pasture/forages,12439,10005,2434,19.572135941092217,0.030713878514408273,0.03818810666401946,0.03818810666401946,382.08006954719355
GLENELLA-LANSDOWNE,Pasture/forages,56723,50798,5925,10.445467126261162,0.03419918053628775,0.03818810666401946,0.03818810666401946,1939.894458496488
HAMIOTA,Pasture/forages,11046,10303,742,6.718845376368635,0.035622306825101265,0.03818810666401946,0.03818810666401946,393.48617290018
MCCREARY,Pasture/forages,46948,33079,13869,29.542474760612546,0.02690639489124571,0.03818810666401946,0.03818810666401946,1263.226978638323
MINTO-ODANAH,Pasture/forages,26353,19679,6673,25.32296194753416,0.028517746945006053,0.03818810666401946,0.03818810666401946,751.5387816697814
OAKVIEW,Pasture/forages,41534,32489,9045,21.778942834557242,0.029871140744062916,0.03818810666401946,0.03818810666401946,1240.6974583257163
PRAIRIE LAKES,Pasture/forages,49622,42891,6731,13.56475393793829,0.033007983961487804,0.03818810666401946,0.03818810666401946,1637.9545593336709
ROCKWOOD,Pasture/forages,48068,41569,6498,13.519883433434874,0.03302511915760825,0.03818810666401946,0.03818810666401946,1587.4602060383784
YELLOWHEAD,Pasture/forages,25786,23469,2316,8.984613794895905,0.034757052764674404,0.03818810666401946,0.03818810666401946,896.2604653579979
ALONSA,Barley,5169,4560,608,11.780434430287341,0.08855502597576964,0.10038025624348819,0.10038025624348818,457.7413342034375
BIFROST-RIVERTON,Barley,10118,8841,1277,12.621660001723631,0.08771060159157615,0.10038025624348819,0.10038025624348819,887.4968874864643
BROKENHEAD,Barley,7184,6245,938,13.063726371675797,0.08726685423665188,0.10038025624348819,0.10038025624348819,626.9256354373967
DELORAINE-WINCHESTER,Barley,13130,10978,2151,16.386661068123367,0.08393128387355403,0.10038025624348819,0.10038025624348819,1102.0187321457404
DESALABERRY,Barley,12938,10344,2593,20.049404517060818,0.08025461261396905,0.10038025624348819,0.10038025624348819,1038.3350965486402
GRANDVIEW,Barley,12539,11439,1099,8.768246025117046,0.09157866841541623,0.10038025624348819,0.10038025624348819,1148.316437175047
GREY,Barley,15066,13002,2063,13.69476985089208,0.08663341117520676,0.10038025624348819,0.10038025624348819,1305.220127411009
HEADINGLEY,Barley,2723,2498,224,8.25557256762672,0.09209329134573738,0.10038025624348819,0.1003802562434882,250.77025417495872
MACDONALD,Barley,9296,7494,1801,19.37820270061775,0.08092836671722554,0.10038025624348819,0.10038025624348819,752.3107625248763
MORRIS,Barley,10907,10890,16,0.14770226746058135,0.1002319923289338,0.10038025624348819,0.10038025624348819,1093.2313074439808
NORFOLK-TREHERNE,Barley,7727,6245,1481,19.17300508012408,0.08113434461448263,0.10038025624348819,0.10038025624348819,626.9256354373969
NORTH NORFOLK,Barley,27157,25609,1547,5.6991223521846255,0.09465946262273535,0.10038025624348819,0.10038025624348819,2570.6938481337297
OAKVIEW,Barley,40227,40038,188,0.4679660429182437,0.09991051073047436,0.10038025624348819,0.10038025624348819,4019.1036706005298
PINEY,Barley,1644,1249,394,24.020658181766287,0.0762682580092588,0.10038025624348819,0.1003802562434882,125.38512708747936
PORTAGE LA PRAIRIE,Barley,48363,35632,12730,26.322023447782122,0.07395814165813344,0.10038025624348819,0.10038025624348819,3576.8407692161477
ROLAND,Barley,3845,3747,97,2.5409326794463416,0.09782966150888542,0.10038025624348819,0.10038025624348819,376.15538126243814
ROSSBURN,Barley,20961,19153,1807,8.624206088315049,0.09172325607307102,0.10038025624348819,0.10038025624348818,1922.6128713611315
ROSSER,Barley,19660,16588,3071,15.625172756965231,0.08469566779155879,0.10038025624348819,0.1003802562434882,1665.118301806445
ST. CLEMENTS,Barley,2752,2498,253,9.222356141587053,0.09112283151687604,0.10038025624348819,0.1003802562434882,250.77025417495872
THOMPSON,Barley,21427,19838,1588,7.412314250425448,0.09293975620533854,0.10038025624348819,0.10038025624348819,1991.421917896272
WALLACE-WOODWORTH,Barley,88184,72482,15701,17.805420071447873,0.08250712995053934,0.10038025624348819,0.10038025624348819,7275.815184009922
WEST INTERLAKE,Barley,3438,2498,939,27.335638191287835,0.07294067258128065,0.10038025624348819,0.1003802562434882,250.77025417495872
WESTLAKE-GLADSTONE,Barley,49034,45907,3126,6.375321534677793,0.09398069215063233,0.10038025624348819,0.10038025624348818,4608.253335543132
WHITEHEAD,Barley,14808,14372,436,2.9448112977303644,0.09742424711693927,0.10038025624348819,0.10038025624348819,1442.700870861307
WOODLANDS,Barley,31811,25492,6318,19.864063626654634,0.08044065827468273,0.10038025624348819,0.10038025624348819,2558.902900877415
ALONSA,Oats,7534,7208,325,4.3172609628273975,0.07266389694754687,0.07594253433664462,0.07594253433664462,547.4543899901612
BIFROST-RIVERTON,Oats,34169,33573,595,1.7418967625544544,0.0746196937896328,0.07594253433664462,0.07594253433664462,2549.6825726401885
BROKENHEAD,Oats,17909,14273,3635,20.299352304204668,0.06052669174290753,0.07594253433664462,0.07594253433664462,1083.9734813462196
CARTIER,Oats,18562,16966,1595,8.597711076629318,0.0694132146501099,0.07594253433664462,0.07594253433664462,1288.4492301445364
DAUPHIN,Oats,10185,8661,1523,14.958719560883358,0.0645825035977984,0.07594253433664462,0.07594253433664461,657.7733810339074
ELLICE-ARCHIE,Oats,9802,8958,844,8.612063782619943,0.06940231484143473,0.07594253433664462,0.07594253433664462,680.3308930475891
EMERSON-FRANKLIN,Oats,69069,68965,103,0.14956865235752395,0.07582894811147114,0.07594253433664462,0.07594253433664462,5237.434250336619
HANOVER,Oats,10198,7424,2773,27.200394368161586,0.05528586550390076,0.07594253433664462,0.07594253433664462,563.8057551719206
LAKESHORE,Oats,7739,7556,183,2.369194862037814,0.07414330771503953,0.07594253433664462,0.07594253433664462,573.8328505671294
MCCREARY,Oats,10037,9960,76,0.7634540517481156,0.07536274798125131,0.07594253433664462,0.07594253433664462,756.4330009587572
NORTH NORFOLK,Oats,34994,34550,443,1.2686408414492776,0.07497909633001831,0.07594253433664462,0.07594253433664462,2623.84303829412
PINEY,Oats,11189,9267,1921,17.172119031946455,0.0629015919444792,0.07594253433664462,0.07594253433664462,703.8078133474895
PIPESTONE,Oats,33386,29464,3921,11.744803208232657,0.0670232331274612,0.07594253433664462,0.07594253433664462,2237.6396406910826
PORTAGE LA PRAIRIE,Oats,46289,43934,2354,5.086854049385412,0.07207944845353512,0.07594253433664462,0.07594253433664462,3336.4885410451766
RITCHOT,Oats,15763,14508,1254,7.957476190180845,0.06989942524858621,0.07594253433664462,0.07594253433664462,1101.825614908602
ROSSER,Oats,27104,26224,879,3.243208325396718,0.07347955974052131,0.07594253433664462,0.07594253433664462,1991.5917490418112
SIFTON,Oats,14168,13361,806,5.695543823892106,0.07161719401252671,0.07594253433664462,0.07594253433664462,1014.7314261841842
SOURIS-GLENWOOD,Oats,21370,18150,3219,15.067508516901517,0.06449988650751984,0.07594253433664462,0.07594253433664462,1378.3637940165988
SPRINGFIELD,Oats,46038,38623,7414,16.105844302407522,0.06371134799708227,0.07594253433664462,0.07594253433664462,2933.145633857312
ST. ANDREWS,Oats,16949,13638,3310,19.53474842534848,0.06110735130614721,0.07594253433664462,0.07594253433664462,1035.7094135142227
STANLEY,Oats,33982,33709,272,0.8007944746157198,0.07533439071779362,0.07594253433664462,0.07594253433664462,2560.0155300551987
STE. ANNE,Oats,8057,7424,632,7.855234177300721,0.06997707042432418,0.07594253433664462,0.07594253433664462,563.8057551719206
TACHE,Oats,21979,20216,1762,8.018300376376231,0.06985323382009981,0.07594253433664462,0.07594253433664462,1535.3055843193067
TWO BORDERS,Oats,146979,122199,24779,16.859241164540844,0.06313919932636547,0.07594253433664462,0.07594253433664462,9280.144587344344
VICTORIA,Oats,14497,14099,397,2.744194508376828,0.07385852347985623,0.07594253433664462,0.07594253433664462,1070.727962092495
WALLACE-WOODWORTH,Oats,26151,25267,883,3.380023637128328,0.07337565872543174,0.07594253433664462,0.07594253433664462,1918.894352084565
WEST INTERLAKE,Oats,4387,3712,674,15.38518597749168,0.06425863419293136,0.07594253433664462,0.07594253433664462,281.9028775859603
WEST ST. PAUL,Oats,6223,4949,1273,20.46597265697273,0.0604001560242948,0.07594253433664462,0.07594253433664462,375.8705034479471
WOODLANDS,Oats,31869,30038,1831,5.745509031492191,0.07157924916758865,0.07594253433664462,0.07594253433664462,2281.221923222669
ALONSA,Rye,2796,2201,594,21.26334208092279,0.08241204275632662,0.10466794620750455,0.10466794620750455,230.4242753884099
EMERSON-FRANKLIN,Rye,2401,2006,394,16.41122169141406,0.08749065751554097,0.10466794620750455,0.10466794620750455,210.06525452620193
GLENBORO-SOUTH CYPRESS,Rye,17529,17333,195,1.1141287600848482,0.1035018105162166,0.10466794620750455,0.10466794620750455,1814.2848415213232
GLENELLA-LANSDOWNE,Rye,6756,6394,361,5.347766785494108,0.09907054854516079,0.10466794620750455,0.10466794620750455,669.3212180770751
HANOVER,Rye,3179,3107,71,2.2426849670384446,0.10232057391260097,0.10466794620750455,0.10466794620750455,325.27739222040685
NORTH CYPRESS-LANGFORD,Rye,51755,44594,7160,13.835573353295722,0.09018653573257715,0.10466794620750455,0.10466794620750455,4667.608285976111
OAKVIEW,Rye,2167,2006,160,7.385022280150058,0.09693819505990486,0.10466794620750455,0.10466794620750455,210.06525452620193
PIPESTONE,Rye,4853,4319,533,10.993160180182548,0.09316163122360627,0.10466794620750455,0.10466794620750454,452.1137962845201
RITCHOT,Rye,1455,1100,354,24.34787094785571,0.07918352974113031,0.10466794620750455,0.10466794620750455,115.21213769420496
ROLAND,Rye,5569,4834,734,13.18824688930951,0.09086407904768917,0.10466794620750455,0.10466794620750455,506.02250386254946
SOURIS-GLENWOOD,Rye,10388,9323,1064,10.251105749965859,0.09393832435545588,0.10466794620750455,0.10466794620750455,975.8321766612208
STANLEY,Rye,7259,5114,2144,29.54027259833316,0.073748749574731,0.10466794620750455,0.10466794620750455,535.3426467466088
BRENDA-WASKADA,Winter wheat,1327,1301,25,1.9309403597023445,0.11204782720705898,0.1142540038805647,0.1142540038805647,148.68759823824135
DAUPHIN,Winter wheat,3904,3904,0,1.164784559673646e-14,0.11425400388056468,0.1142540038805647,0.1142540038805647,446.0627947147241
GRASSLAND,Winter wheat,3904,3904,0,1.164784559673646e-14,0.11425400388056468,0.1142540038805647,0.1142540038805647,446.0627947147241
PEMBINA,Winter wheat,1314,1301,12,0.9606985215563411,0.11315636735446519,0.1142540038805647,0.1142540038805647,148.68759823824135
ROCKWOOD,Winter wheat,3904,3904,0,1.164784559673646e-14,0.11425400388056468,0.1142540038805647,0.1142540038805647,446.0627947147241
SPRINGFIELD,Winter wheat,3904,3904,0,1.164784559673646e-14,0.11425400388056468,0.1142540038805647,0.1142540038805647,446.0627947147241
ST. CLEMENTS,Winter wheat,2735,2602,132,4.835362235703837,0.10872940892414427,0.1142540038805647,0.1142540038805647,297.3751964764827
WESTLAKE-GLADSTONE,Winter wheat,10760,8352,2407,22.371628558485472,0.08869352251920717,0.1142540038805647,0.1142540038805647,954.3431465534346
WHITEMOUTH,Winter wheat,4510,3904,605,13.433940925049884,0.09890518849474543,0.1142540038805647,0.1142540038805647,446.0627947147241
BIFROST-RIVERTON,Spring wheat,131930,121934,9995,7.576479833092595,0.07574672375634167,0.08195611205843584,0.08195611205843584,9993.274105589022
CLANWILLIAM-ERICKSON,Spring wheat,44496,39018,5477,12.310013352008356,0.07186730372125545,0.08195611205843584,0.08195611205843584,3197.810375280708
CORNWALLIS,Spring wheat,112591,104147,8443,7.499062425822332,0.07581017205339684,0.08195611205843584,0.08195611205843584,8535.550632523498
DAUPHIN,Spring wheat,307259,243869,63389,20.63067703822961,0.06504801126657038,0.08195611205843584,0.08195611205843584,19986.60457463474
EAST ST PAUL,Spring wheat,2937,2723,213,7.276235318764823,0.07599279248695345,0.08195611205843584,0.08195611205843584,223.19102897710928
FISHER,Spring wheat,79397,69521,9875,12.438443982356558,0.07176204696992992,0.08195611205843584,0.08195611205843584,5697.696283661532
GILBERT PLAINS,Spring wheat,299181,273466,25714,8.595031537496704,0.07491195838010714,0.08195611205843584,0.08195611205843585,22412.26298926369
GLENBORO-SOUTH CYPRESS,Spring wheat,71950,62075,9875,13.725751072170786,0.0707070201288656,0.08195611205843584,0.08195611205843584,5087.439586619467
GLENELLA-LANSDOWNE,Spring wheat,249515,216173,33341,13.362430453705068,0.07100478358206676,0.08195611205843584,0.08195611205843584,17716.77424838426
GRAHAMDALE,Spring wheat,22177,17190,4986,22.48563618177726,0.06352775887224626,0.08195611205843584,0.08195611205843584,1408.856354835537
GRANDVIEW,Spring wheat,292444,275667,16776,5.736660581513085,0.07725456808383885,0.08195611205843584,0.08195611205843584,22592.646236714587
HANOVER,Spring wheat,108568,95205,13362,12.307873607263172,0.07186905737285658,0.08195611205843584,0.08195611205843584,7802.686723397638
HARRISON PARK,Spring wheat,197599,188626,8972,4.540993168809843,0.07823449060844014,0.08195611205843584,0.08195611205843584,15459.070785395184
HILLSBURG-ROBLIN-SHELL RIVER,Spring wheat,325471,294624,30846,9.477440547904706,0.07418877026272341,0.08195611205843584,0.08195611205843584,24146.3146068897
MCCREARY,Spring wheat,89394,71560,17833,19.94895438606943,0.06560672464730254,0.08195611205843584,0.08195611205843585,5864.852731383659
MOUNTAIN,Spring wheat,189201,176173,13027,6.885643173564504,0.07631290662316527,0.08195611205843584,0.08195611205843584,14438.491018825416
NORTH CYPRESS-LANGFORD,Spring wheat,344463,341973,2490,0.7228881183176217,0.08136366106213033,0.08195611205843584,0.08195611205843584,28026.79557397049
NORTH NORFOLK,Spring wheat,165129,162730,2398,1.4527537475941115,0.08076549156912449,0.08195611205843584,0.08195611205843584,13336.736655481776
REYNOLDS,Spring wheat,20156,14364,5791,28.734741655668355,0.058406234987414235,0.08195611205843584,0.08195611205843584,1177.237113833222
ROSSBURN,Spring wheat,221607,173480,48126,21.716950173776716,0.06415774403834071,0.08195611205843584,0.08195611205843584,14217.817760704878
ST. CLEMENTS,Spring wheat,102674,93835,8838,8.607931739700318,0.07490138587593338,0.08195611205843584,0.08195611205843584,7690.433181303575
STE. ROSE,Spring wheat,135189,106535,28653,21.19503339320754,0.06458548673987577,0.08195611205843584,0.08195611205843584,8731.255090863868
STUARTBURN,Spring wheat,16669,14152,2516,15.096163140277167,0.069583883678666,0.08195611205843584,0.08195611205843584,1159.8947831249257
WALLACE-WOODWORTH,Spring wheat,632819,488785,144034,22.760733069182535,0.06330230015893513,0.08195611205843584,0.08195611205843584,40058.93372187144
WHITEHEAD,Spring wheat,167428,162782,4645,2.774561295002349,0.07968218949437372,0.08195611205843584,0.08195611205843584,13341.04142463598
WINNIPEG,Spring wheat,20369,16442,3926,19.275953839195946,0.06615828972965204,0.08195611205843584,0.08195611205843584,1347.57939562118
ALEXANDER,Corn,3910,2933,976,24.97067200828775,0.1377888476757246,0.1836466504017533,0.1836466504017533,538.7548710142979
ALONSA,Corn,33502,29921,3580,10.686754694964984,0.164020783367798,0.1836466504017533,0.1836466504017533,5495.029145491229
CARTIER,Corn,44661,32366,12294,27.528082293768296,0.1330922493494097,0.1836466504017533,0.1836466504017533,5944.0382065070435
COLDWELL,Corn,5016,5009,6,0.1265425472269935,0.18341425925243787,0.1836466504017533,0.18364665040175332,920.0067382817542
CORNWALLIS,Corn,18828,14443,4384,23.286054386233562,0.1408825915107048,0.1836466504017533,0.1836466504017533,2652.539779497013
DUFFERIN,Corn,193319,179896,13422,6.94314335499429,0.1708958001977144,0.1836466504017533,0.1836466504017533,33037.43442454175
ELLICE-ARCHIE,Corn,27807,25504,2302,8.279278688134367,0.1684420324135683,0.1836466504017533,0.1836466504017533,4683.871738847918
EMERSON-FRANKLIN,Corn,83703,63222,20480,24.46838972141836,0.13871127227112157,0.1836466504017533,0.1836466504017533,11610.559894034564
GREY,Corn,115492,86887,28604,24.767888608471985,0.13816125259705705,0.1836466504017533,0.1836466504017533,15956.533500671
HILLSBURG-ROBLIN-SHELL RIVER,Corn,16611,16608,2,0.01777610715095772,0.18361400517639873,0.1836466504017533,0.1836466504017533,3050.01493813965
KILLARNEY-TURTLE MTN,Corn,55443,50500,4942,8.914955775512954,0.1672746327352261,0.1836466504017533,0.1836466504017533,9274.215667048677
MACDONALD,Corn,57675,56315,1359,2.3575325621193546,0.17931712081929047,0.1836466504017533,0.1836466504017533,10342.124092272868
MORRIS,Corn,65902,55874,10027,15.21566117233982,0.15570359832227107,0.1836466504017533,0.1836466504017533,10261.187614055234
NORFOLK-TREHERNE,Corn,82825,82768,56,0.06829272794792383,0.18352123309440896,0.1836466504017533,0.1836466504017533,15200.15957766014
NORTH NORFOLK,Corn,203766,159918,43848,21.518865171900366,0.14412797530908877,0.1836466504017533,0.1836466504017533,29368.40699719608
OAKLAND-WAWANESA,Corn,36144,25979,10164,28.122949695134313,0.13199979529246905,0.1836466504017533,0.1836466504017533,4771.004821655929
PORTAGE LA PRAIRIE,Corn,119597,99741,19855,16.602150271356834,0.15315735753374088,0.1836466504017533,0.1836466504017533,18317.176693005586
RHINELAND,Corn,200124,194940,5183,2.5902207585135075,0.17888979674073235,0.1836466504017533,0.1836466504017533,35800.1733530818
RIDING MOUNTAIN WEST,Corn,2245,2076,168,7.527576777053668,0.169822507794274,0.1836466504017533,0.1836466504017533,381.25186726745625
ROCKWOOD,Corn,45783,45450,332,0.7266919487438411,0.18231210497914602,0.1836466504017533,0.1836466504017533,8346.802486146242
ROLAND,Corn,78038,70929,7108,9.108782636030506,0.16691867619830672,0.1836466504017533,0.1836466504017533,13026.011176448184
SOURIS-GLENWOOD,Corn,33492,25545,7946,23.72751792319735,0.1400718585123257,0.1836466504017533,0.1836466504017533,4691.29083538184
ST. ANDREWS,Corn,23751,19163,4587,19.31606580837972,0.1481733425552656,0.1836466504017533,0.1836466504017533,3519.268172303134
STANLEY,Corn,145163,138285,6877,4.737765290116379,0.17494590314255765,0.1836466504017533,0.1836466504017533,25395.694603841068
STUARTBURN,Corn,29861,25545,4315,14.453033397532755,0.15710413868573767,0.1836466504017533,0.1836466504017533,4691.29083538184
THOMPSON,Corn,76681,67507,9173,11.962814441946653,0.1616773423853411,0.1836466504017533,0.18364665040175332,12397.591258811875
WOODLANDS,Corn,68925,64983,3941,5.718141856147225,0.17314547441771827,0.1836466504017533,0.1836466504017533,11934.06581351359
ALEXANDER,Canola/rapeseed,40735,36930,3804,9.338677844897335,0.040749285708004665,0.04494671458495952,0.04494671458495952,1659.923621744566
BIFROST-RIVERTON,Canola/rapeseed,188223,155775,32447,17.238786713358127,0.03719844632299652,0.04494671458495952,0.044946714584959524,7001.609356132453
CORNWALLIS,Canola/rapeseed,105650,85013,20637,19.533437489620482,0.03616707618786832,0.04494671458495952,0.04494671458495952,3821.0601053299993
DAUPHIN,Canola/rapeseed,361745,281779,79965,22.105519629488153,0.03501100976957128,0.04494671458495952,0.04494671458495952,12665.07201987401
DELORAINE-WINCHESTER,Canola/rapeseed,197983,196078,1905,0.9622555644033642,0.044514212322849245,0.04494671458495952,0.04494671458495952,8813.065094673577
FISHER,Canola/rapeseed,88569,82169,6399,7.225754524927296,0.04169897532203065,0.04494671458495952,0.04494671458495952,3693.239812471613
GILBERT PLAINS,Canola/rapeseed,326316,293861,32454,9.945756611303679,0.04047642374756211,0.04494671458495952,0.04494671458495951,13208.116375991103
GLENELLA-LANSDOWNE,Canola/rapeseed,310139,300531,9608,3.09802485830566,0.04355425419412577,0.04494671458495952,0.04494671458495952,13507.915291048132
HANOVER,Canola/rapeseed,119194,95301,23892,20.04525829802102,0.0359370295499301,0.04494671458495952,0.04494671458495952,4283.488232998139
HARRISON PARK,Canola/rapeseed,232462,198411,34050,14.64772892429659,0.03836304167217737,0.04494671458495952,0.04494671458495952,8917.950245518323
HEADINGLEY,Canola/rapeseed,20870,19364,1505,7.214546221690971,0.041704013086096094,0.04494671458495952,0.04494671458495952,870.3729751233356
HILLSBURG-ROBLIN-SHELL RIVER,Canola/rapeseed,460758,434069,26689,5.792471728838902,0.042343188849583824,0.04494671458495952,0.04494671458495952,19509.980267196883
LAC DU BONNET,Canola/rapeseed,60498,59145,1352,2.235946292312608,0.04394173018668078,0.04494671458495952,0.04494671458495952,2658.4144099041514
MCCREARY,Canola/rapeseed,88557,77733,10824,12.223052685773405,0.03945285398071572,0.04494671458495952,0.044946714584959524,3493.856750705943
PIPESTONE,Canola/rapeseed,381121,323926,57195,15.007106882044063,0.03820151308722736,0.04494671458495952,0.04494671458495952,14559.41174910399
PRAIRIE VIEW,Canola/rapeseed,573709,563509,10199,1.777827644203752,0.04414763946790675,0.04494671458495952,0.044946714584959524,25327.92049749584
ROSEDALE,Canola/rapeseed,200024,175023,25001,12.499209292524517,0.03932873065887178,0.04494671458495952,0.04494671458495952,7866.725314334094
ROSSBURN,Canola/rapeseed,205303,183462,21840,10.638393246550153,0.04016510633600701,0.04494671458495952,0.04494671458495952,8246.026754451272
RUSSELL-BINSCARTH,Canola/rapeseed,181600,166971,14629,8.055643821164022,0.04132596734868,0.04494671458495952,0.04494671458495952,7504.802309542211
SPRINGFIELD,Canola/rapeseed,103404,99697,3706,3.5845321805377752,0.04333558513656718,0.04494671458495952,0.04494671458495952,4481.076809585624
ST. CLEMENTS,Canola/rapeseed,72706,58141,14564,20.03163469505228,0.03594315291187264,0.04494671458495952,0.04494671458495952,2613.285187418031
STE. ROSE,Canola/rapeseed,122440,97672,24767,20.228303989597013,0.03585475652537737,0.04494671458495952,0.04494671458495952,4390.060272574688
TWO BORDERS,Canola/rapeseed,621980,606730,15250,2.451850539091434,0.0438446883211043,0.04494671458495952,0.04494671458495952,27270.54336647804
WALLACE-WOODWORTH,Canola/rapeseed,536926,423177,113748,21.185195545719306,0.035424665208759504,0.04494671458495952,0.04494671458495952,19020.44061805411
WEST ST. PAUL,Canola/rapeseed,14309,10258,4050,28.30772592161973,0.03222332180947649,0.04494671458495952,0.04494671458495952,461.10660762742145
WINNIPEG,Canola/rapeseed,27289,23185,4103,15.036588689507093,0.03818826198337246,0.04494671458495952,0.04494671458495952,1042.1217249479498
ARGYLE,Flaxseed,2777,2777,0,1.6369930985694872e-14,0.041066545838962326,0.04106654583896233,0.04106654583896233,114.08052328775868
BROKENHEAD,Flaxseed,2571,2433,138,5.384896064152156,0.03885515502839681,0.04106654583896233,0.04106654583896233,99.93042836794992
DAUPHIN,Flaxseed,3246,2421,824,25.40687057510832,0.030632821687989645,0.04106654583896233,0.04106654583896233,99.44887426717568
HARRISON PARK,Flaxseed,1645,1507,138,8.414450185029873,0.03761102179663039,0.04106654583896233,0.04106654583896233,61.90358727203036
MACDONALD,Flaxseed,2777,2777,0,1.6369930985694872e-14,0.041066545838962326,0.04106654583896233,0.04106654583896233,114.08052328775868
OAKLAND-WAWANESA,Flaxseed,3497,3359,138,3.9593605937373844,0.03944057320580536,0.04106654583896233,0.04106654583896233,137.9572694638695
PIPESTONE,Flaxseed,1064,925,138,12.971787712882431,0.03573948069171859,0.04106654583896233,0.04106654583896233,38.026841095919565
ROLAND,Flaxseed,1001,925,75,7.494487638868019,0.037988818637351235,0.04106654583896233,0.04106654583896233,38.026841095919565
STANLEY,Flaxseed,2176,1851,324,14.891527689804148,0.03495110979410714,0.04106654583896233,0.04106654583896233,76.05368219183912
TWO BORDERS,Flaxseed,4842,4129,712,14.722595477330621,0.03502048441857936,0.04106654583896233,0.04106654583896233,169.59050065223798
WALLACE-WOODWORTH,Flaxseed,5143,4866,276,5.384896064152156,0.03885515502839681,0.04106654583896233,0.04106654583896233,199.86085673589983
WHITEHEAD,Flaxseed,3497,3359,138,3.9593605937373844,0.03944057320580536,0.04106654583896233,0.04106654583896233,137.9572694638695
YELLOWHEAD,Flaxseed,2571,2433,138,5.384896064152156,0.03885515502839681,0.04106654583896233,0.04106654583896233,99.93042836794992
EMERSON-FRANKLIN,Sunflower,7059,5315,1743,24.702157538413978,0.021255093486137723,0.028228024590453878,0.028228024590453878,150.03983764936058
RIVERDALE,Sunflower,1408,1328,79,5.623673661872208,0.026640572606293714,0.028228024590453878,0.028228024590453878,37.509959412340145
ROCKWOOD,Sunflower,6684,5624,1059,15.853724246201883,0.02375283141173326,0.028228024590453878,0.028228024590453878,158.76406560450982
SOURIS-GLENWOOD,Sunflower,1546,1328,217,14.04795117458995,0.024262565478435673,0.028228024590453878,0.028228024590453878,37.509959412340145
ST. ANDREWS,Sunflower,7338,5822,1515,20.658246507871254,0.0223966096862554,0.028228024590453878,0.028228024590453878,164.34646726462302
TACHE,Sunflower,3885,3521,363,9.348775765003296,0.025589049868602352,0.028228024590453878,0.028228024590453878,99.4135466843705
WESTLAKE-GLADSTONE,Sunflower,5678,4850,827,14.571702423908755,0.02411472084698515,0.028228024590453878,0.028228024590453878,136.92350609671064
ALEXANDER,Soybeans,50521,47325,3196,6.327019865256515,0.03370853038036623,0.03598532931468428,0.03598532931468428,1703.0194487813767
ALONSA,Soybeans,42148,30489,11658,27.660673907145352,0.02603154471853708,0.03598532931468428,0.03598532931468428,1097.1785174010463
BIFROST-RIVERTON,Soybeans,139823,127605,12217,8.737704810046305,0.03284103746424411,0.03598532931468428,0.03598532931468428,4591.936443557513
CORNWALLIS,Soybeans,39747,39490,256,0.6451492707131129,0.035753170225046885,0.03598532931468428,0.03598532931468428,1421.0825140763768
ETHELBERT,Soybeans,16155,14976,1178,7.295382447035527,0.03336006191635287,0.03598532931468428,0.03598532931468428,538.9322770178351
GLENBORO-SOUTH CYPRESS,Soybeans,30848,26856,3991,12.940598144584515,0.03132861245706562,0.03598532931468428,0.03598532931468428,966.425892011163
GLENELLA-LANSDOWNE,Soybeans,92994,91364,1629,1.752671541870936,0.03535462468853727,0.03598532931468428,0.03598532931468428,3287.770876767902
GRANDVIEW,Soybeans,9440,7488,1951,20.675683444484033,0.028545116539125042,0.03598532931468428,0.03598532931468428,269.46613850891754
HANOVER,Soybeans,74750,64026,10723,14.345489092042731,0.030823057823110594,0.03598532931468428,0.03598532931468428,2304.025610502631
LAKESHORE,Soybeans,75769,65828,9940,13.119790346427296,0.03126412955312626,0.03598532931468428,0.03598532931468428,2368.853927685432
MCCREARY,Soybeans,15246,14527,718,4.71235159523793,0.03428957407467213,0.03598532931468428,0.03598532931468428,522.7793088121008
MOSSEY RIVER,Soybeans,75008,64397,10610,14.146238093793254,0.030894758950993466,0.03598532931468428,0.03598532931468428,2317.356129413895
NORFOLK-TREHERNE,Soybeans,87629,86924,704,0.8034790400661266,0.03569619473614202,0.03598532931468428,0.03598532931468428,3128.0246156980857
NORTH CYPRESS-LANGFORD,Soybeans,54539,48283,6255,11.470156893024397,0.031857755583818495,0.03598532931468428,0.03598532931468428,1737.491668834397
PINEY,Soybeans,50148,36841,13306,26.534709280923508,0.026436726797249867,0.03598532931468428,0.03598532931468428,1325.7501482354355
PIPESTONE,Soybeans,51725,37876,13848,26.773731990129047,0.02635071368820537,0.03598532931468428,0.03598532931468428,1362.9918712747588
REYNOLDS,Soybeans,23930,22935,995,4.158215515517409,0.034488981767811046,0.03598532931468428,0.03598532931468428,825.3287109020933
ROSEDALE,Soybeans,28169,22242,5926,21.04065333746866,0.028413780921235074,0.03598532931468428,0.03598532931468428,800.3885028231414
RUSSELL-BINSCARTH,Soybeans,5246,3744,1501,28.629284380092386,0.02568298705007057,0.03598532931468428,0.03598532931468428,134.73306925445877
SIFTON,Soybeans,16648,13104,3543,21.285577276722524,0.028325644235124074,0.03598532931468428,0.03598532931468428,471.56574239060575
ST. CLEMENTS,Soybeans,77964,77725,238,0.3061354862008921,0.035875165451825786,0.03598532931468428,0.03598532931468428,2796.9738735912774
STE. ANNE,Soybeans,40949,34519,6429,15.700809099024655,0.030335341455330348,0.03598532931468428,0.03598532931468428,1242.2029961524122
TACHE,Soybeans,105229,103513,1716,1.6307567817809405,0.03539849611643886,0.03598532931468428,0.03598532931468428,3724.952344708463
TWO BORDERS,Soybeans,54709,48093,6615,12.092741960431159,0.03163371629704812,0.03598532931468428,0.03598532931468428,1730.6505158917923
VICTORIA,Soybeans,45558,39566,5991,13.151861046683827,0.031252588806025425,0.03598532931468428,0.03598532931468428,1423.8178777665992
WHITEHEAD,Soybeans,63334,52275,11058,17.460508419865576,0.029702107859777477,0.03598532931468428,0.03598532931468428,1881.1549633294585
WHITEMOUTH,Soybeans,69698,58135,11562,16.589964185223113,0.030015376069443565,0.03598532931468428,0.03598532931468428,2092.0141269028236
WINNIPEG,Soybeans,20906,18521,2384,11.404009127471987,0.03188155907508683,0.03598532931468428,0.03598532931468428,666.516463648546
YELLOWHEAD,Soybeans,16037,14976,1060,6.613263293125837,0.03360552474020581,0.03598532931468428,0.03598532931468428,538.9322770178351
BIFROST-RIVERTON,Peas,6142,5651,491,7.9955192646010715,0.052344678848944996,0.05689361912653594,0.05689361912653594,321.5412606738471
BRENDA-WASKADA,Peas,25731,23724,2006,7.796228892624639,0.052458062354133125,0.05689361912653594,0.05689361912653594,1349.799596516168
CORNWALLIS,Peas,3527,2630,896,25.421037709101224,0.04243067075430681,0.05689361912653594,0.056893619126535934,149.6531081390395
DAUPHIN,Peas,10569,8490,2078,19.667098900775272,0.04570429478468972,0.05689361912653594,0.05689361912653594,483.0631653734464
ELLICE-ARCHIE,Peas,6733,5260,1472,21.86543888311305,0.04445357960803211,0.05689361912653594,0.05689361912653595,299.3062162780789
FISHER,Peas,8897,7036,1860,20.91019914881548,0.044997050064208705,0.05689361912653594,0.05689361912653594,400.339108575846
GILBERT PLAINS,Peas,10908,9264,1643,15.06630248134063,0.04832185437635017,0.05689361912653594,0.05689361912653595,527.0952538249195
GRANDVIEW,Peas,19780,16391,3388,17.131794420193145,0.04714672125957012,0.05689361912653594,0.05689361912653595,932.594536847292
HILLSBURG-ROBLIN-SHELL RIVER,Peas,25908,22495,3412,13.170155661985236,0.049400640925834155,0.05689361912653594,0.05689361912653594,1279.872937328806
LAKESHORE,Peas,5737,5204,532,9.280144137433469,0.05161380926659098,0.05689361912653594,0.056893619126535934,296.108685710979
MINTO-ODANAH,Peas,27137,19065,8071,29.744330514111194,0.03997099301209951,0.05689361912653594,0.05689361912653594,1084.6937969290504
NORTH NORFOLK,Peas,4630,4160,470,10.16713903159435,0.051109165769835284,0.05689361912653594,0.05689361912653595,236.68177776638584
OAKVIEW,Peas,15432,14600,831,5.387015201908936,0.05382875121527328,0.05689361912653594,0.05689361912653594,830.6860236092602
PIPESTONE,Peas,33635,26904,6730,20.010565039918962,0.04550888446765669,0.05689361912653594,0.056893619126535934,1530.6926831762255
PORTAGE LA PRAIRIE,Peas,14493,11012,3481,24.021206405354786,0.04322708544467433,0.05689361912653594,0.056893619126535934,626.5232515738322
PRAIRIE VIEW,Peas,29275,28785,489,1.6710079483877194,0.05594292222880609,0.05689361912653594,0.05689361912653594,1637.730497044446
RIDING MOUNTAIN WEST,Peas,32513,31878,634,1.9520533566683769,0.055783025324646275,0.05689361912653594,0.05689361912653594,1813.6751068233932
RITCHOT,Peas,4579,3945,633,13.832714566499234,0.04902368718621101,0.05689361912653594,0.05689361912653594,224.4796622085592
SPRINGFIELD,Peas,4284,3945,338,7.899159663865555,0.05239950131317932,0.05689361912653594,0.05689361912653594,224.4796622085592
STANLEY,Peas,2294,2263,31,1.361308285842883,0.056119121575250515,0.05689361912653594,0.05689361912653594,128.7782953018084
THOMPSON,Peas,6776,6688,88,1.3030153674941762,0.05615228652619357,0.05689361912653594,0.05689361912653594,380.5315169789214
TWO BORDERS,Peas,58047,49239,8807,15.173327406858602,0.04826096402285552,0.05689361912653594,0.05689361912653594,2801.406656861228
WALLACE-WOODWORTH,Peas,26190,25636,553,2.1125086138891738,0.05569173652173457,0.05689361912653594,0.05689361912653594,1458.5678698065797
WESTLAKE-GLADSTONE,Peas,7662,6209,1452,18.96253245584254,0.04610514813436313,0.05689361912653594,0.05689361912653595,353.25795751036765
BOISSEVAIN-MORTON,Beans,14873,13113,1759,11.831735579042055,0.034053170783095534,0.03862293423460081,0.03862293423460081,506.47325710170105
CARTWRIGHT-ROBLIN,Beans,1856,1429,426,22.976560905149697,0.029748712226831845,0.03862293423460081,0.03862293423460081,55.2136587370168
DELORAINE-WINCHESTER,Beans,4069,3372,696,17.118994195603463,0.03201107636480775,0.03862293423460081,0.03862293423460081,130.26403530045084
DUFFERIN,Beans,41743,40021,1721,4.124548247694328,0.037029912677419445,0.03862293423460081,0.03862293423460081,1545.7410123124132
KILLARNEY-TURTLE MTN,Beans,3209,3182,26,0.8199591786332789,0.03830624194028671,0.03862293423460081,0.03862293423460081,122.92483913017747
NORTH CYPRESS-LANGFORD,Beans,19461,15064,4396,22.592057736609096,0.029897218632747236,0.03862293423460081,0.03862293423460081,581.8302865201925
PEMBINA,Beans,15313,12419,2893,18.892994633207234,0.03132590534247052,0.03862293423460081,0.03862293423460081,479.69401286407583
STANLEY,Beans,60750,60339,410,0.6756831705099939,0.03836196556802047,0.03862293423460081,0.03862293423460081,2330.4914698950224
SWAN VALLEY WEST,Beans,8848,8569,279,3.1575790417400302,0.03740338455790402,0.03862293423460081,0.03862293423460081,330.9703867244242
THOMPSON,Beans,20499,18928,1570,7.6605150091812,0.03566421856057303,0.03862293423460081,0.03862293423460081,731.0814630145213
WOODLANDS,Beans,2292,1753,538,23.510799286333437,0.02954237368821125,0.03862293423460081,0.03862293423460081,67.7111803931607
MORRIS,Millet,1393,1055,337,24.19363289059428,0.10118543725929288,0.13347881070894668,0.13347881070894668,140.95143879298016
DAUPHIN,Potatoes,1181,998,182,15.46141185516883,0.13638106824719864,0.16132404294894437,0.16132404294894437,161.09249335626447
LORNE,Potatoes,828,802,25,3.0870904714520435,0.1563438237909063,0.16132404294894437,0.16132404294894437,129.52167666857991
NORTH CYPRESS-LANGFORD,Potatoes,138820,120323,18496,13.324275923804358,0.13982878233499038,0.16132404294894437,0.16132404294894437,19411.048735465258
NORTH NORFOLK,Potatoes,24214,21595,2618,10.812598367316516,0.1438807221149578,0.16132404294894437,0.16132404294894437,3483.930887303957
PORTAGE LA PRAIRIE,Potatoes,17160,16985,174,1.0195524375739864,0.1596792597366655,0.16132404294894437,0.16132404294894437,2740.118679705746
RHINELAND,Potatoes,18839,18071,767,4.076460923274537,0.15474773137828404,0.16132404294894437,0.1613240429489444,2915.3581726878983
STANLEY,Potatoes,21885,20093,1792,8.188993017795228,0.14811322833583035,0.16132404294894437,0.16132404294894437,3241.5879818445023
STUARTBURN,Potatoes,3190,2799,390,12.248642387228568,0.14156403784350916,0.16132404294894437,0.16132404294894437,451.70666338110885
SWAN VALLEY WEST,Potatoes,828,802,25,3.0870904714520435,0.1563438237909063,0.16132404294894437,0.16132404294894437,129.52167666857991
THOMPSON,Potatoes,3756,3651,105,2.795523030038467,0.1568141921753175,0.16132404294894437,0.16132404294894437,589.0225653244808
DAUPHIN,Hemp,1358,1215,142,10.476194680707025,0.07441068670729208,0.08311832416182613,0.08311832416182613,101.04980194084408
GREY,Triticale,3743,3743,0,1.2147739290249932e-14,0.11924275871651896,0.11924275871651897,0.11924275871651897,446.3820579542185
LOUISE,Triticale,3743,3743,0,1.2147739290249932e-14,0.11924275871651896,0.11924275871651897,0.11924275871651897,446.3820579542185
CARTIER,Lentils,1140,1126,13,1.171723381262786,0.06563727006598251,0.06641547572381536,0.06641547572381536,74.82655406951973
GRASSLAND,Wheat,3743,3743,0,1.2147739290249932e-14,0.11924275871651896,0.11924275871651897,0.11924275871651897,446.3820579542185
TWO BORDERS,Wheat,7486,7486,0,1.2147739290249932e-14,0.11924275871651896,0.11924275871651897,0.11924275871651897,892.764115908437
